<?xml version="1.0" encoding="UTF-8" standalone="yes"?>
<addon id="plugin.video.gmapr2016" name="gmapr2016" version="1.0.1" provider-name="Gadgetman.com">
  <requires>
    <import addon="xbmc.python" version="2.1.0"/>
  </requires>
  <extension point="xbmc.python.pluginsource" library="default.py">
        <provides>video executable</provides>
  </extension>
  <extension point="xbmc.addon.metadata">
    <summary lang="en">Gadgetman April 2016 wizard</summary>
    <description lang="en">Gadgetman April 2016 build with new sports addons and fixes on broken addons</description>
    <platform>all</platform>
  </extension>
</addon>
